File_name,Age_group,Gender
1.wav,1,Male
10.wav,1,Male
1000.wav,1,Male
106.wav,1,Female
107.wav,1,Male
108.wav,1,Male
109.wav,1,Male
110.wav,1,Male
113.wav,1,Female
114.wav,1,Male
116.wav,1,Male
117.wav,1,Female
119.wav,1,Male
12.wav,2,Female
120.wav,1,Male
121.wav,1,Male
122.wav,1,Male
123.wav,1,Male
124.wav,1,Male
126.wav,1,Female
127.wav,1,Male
128.wav,1,Male
129.wav,1,Male
133.wav,1,Male
134.wav,1,Male
137.wav,1,Male
139.wav,1,Male
14.wav,1,Female
140.wav,1,Male
142.wav,1,Male
143.wav,1,Male
144.wav,1,Male
146.wav,1,Female
147.wav,1,Male
148.wav,1,Female
149.wav,1,Male
150.wav,1,Male
151.wav,1,Female
155.wav,1,Male
157.wav,1,Male
159.wav,1,Male
160.wav,1,Male
161.wav,1,Male
162.wav,1,Male
164.wav,1,Male
166.wav,1,Male
168.wav,1,Male
171.wav,1,Male
172.wav,1,Male
173.wav,2,Male
175.wav,1,Male
178.wav,1,Male
179.wav,1,Male
181.wav,1,Male
182.wav,1,Male
183.wav,1,Male
187.wav,1,Male
188.wav,1,Male
189.wav,1,Male
19.wav,1,Male
190.wav,1,Male
196.wav,2,Female
2.wav,1,Male
205.wav,1,Male
206.wav,1,Male
207.wav,1,Male
208.wav,1,Male
209.wav,1,Male
210.wav,1,Male
211.wav,1,Male
212.wav,1,Male
214.wav,1,Male
215.wav,1,Male
216.wav,1,Male
218.wav,1,Male
219.wav,1,Male
22.wav,1,Female
223.wav,1,Male
224.wav,1,Male
225.wav,1,Male
226.wav,1,Male
227.wav,1,Male
229.wav,1,Male
230.wav,1,Male
231.wav,1,Male
232.wav,1,Male
234.wav,1,Male
235.wav,1,Female
236.wav,1,Male
237.wav,1,Male
238.wav,1,Male
239.wav,1,Male
24.wav,1,Male
240.wav,1,Male
241.wav,1,Male
242.wav,1,Male
243.wav,1,Male
244.wav,1,Male
245.wav,1,Male
246.wav,1,Female
249.wav,1,Male
25.wav,1,Male
253.wav,1,Male
257.wav,1,Male
258.wav,1,Male
259.wav,1,Male
26.wav,1,Male
260.wav,1,Male
262.wav,1,Male
263.wav,1,Male
264.wav,1,Male
272.wav,1,Female
274.wav,1,Male
275.wav,1,Male
276.wav,2,Female
277.wav,1,Male
28.wav,1,Male
282.wav,1,Female
283.wav,1,Male
284.wav,1,Male
286.wav,1,Male
287.wav,1,Male
288.wav,1,Male
289.wav,1,Female
29.wav,1,Male
291.wav,1,Male
292.wav,1,Male
293.wav,1,Male
296.wav,1,Male
297.wav,1,Male
298.wav,1,Male
299.wav,1,Female
3.wav,1,Male
30.wav,1,Male
300.wav,1,Male
301.wav,1,Male
303.wav,1,Male
304.wav,1,Female
305.wav,1,Male
308.wav,1,Male
309.wav,1,Male
31.wav,1,Male
310.wav,1,Male
311.wav,1,Male
313.wav,1,Male
314.wav,1,Male
315.wav,1,Male
316.wav,1,Male
319.wav,1,Male
320.wav,1,Male
323.wav,1,Male
325.wav,1,Male
328.wav,1,Male
329.wav,1,Male
33.wav,1,Male
330.wav,1,Male
331.wav,1,Male
332.wav,1,Male
334.wav,1,Male
336.wav,1,Male
338.wav,1,Male
339.wav,1,Male
340.wav,1,Male
341.wav,1,Male
343.wav,1,Male
344.wav,1,Male
345.wav,1,Male
346.wav,1,Male
347.wav,1,Male
348.wav,1,Male
349.wav,1,Male
350.wav,1,Female
351.wav,1,Male
353.wav,1,Male
354.wav,1,Male
355.wav,1,Male
356.wav,1,Male
358.wav,1,Male
359.wav,1,Male
36.wav,1,Male
362.wav,1,Male
363.wav,1,Male
364.wav,1,Male
366.wav,1,Male
368.wav,1,Male
369.wav,1,Male
37.wav,1,Male
370.wav,1,Male
373.wav,1,Male
374.wav,1,Male
375.wav,1,Male
377.wav,1,Male
378.wav,1,Male
379.wav,1,Female
382.wav,1,Male
383.wav,1,Male
387.wav,1,Male
388.wav,1,Male
389.wav,1,Male
39.wav,1,Male
391.wav,1,Male
392.wav,1,Male
393.wav,1,Male
394.wav,1,Male
395.wav,1,Male
398.wav,1,Male
399.wav,1,Female
4.wav,1,Male
40.wav,1,Male
400.wav,1,Male
402.wav,1,Male
404.wav,2,Male
405.wav,1,Male
407.wav,1,Male
409.wav,1,Male
410.wav,1,Male
412.wav,1,Male
413.wav,1,Male
414.wav,1,Male
416.wav,1,Female
418.wav,1,Male
419.wav,2,Female
42.wav,1,Female
421.wav,1,Male
422.wav,1,Male
425.wav,1,Male
426.wav,1,Male
428.wav,1,Male
431.wav,1,Male
432.wav,1,Male
434.wav,1,Male
435.wav,1,Male
436.wav,1,Male
438.wav,1,Female
439.wav,1,Male
44.wav,1,Male
440.wav,1,Male
441.wav,1,Male
442.wav,1,Male
443.wav,1,Male
444.wav,1,Male
445.wav,1,Male
447.wav,1,Female
45.wav,1,Male
450.wav,1,Male
453.wav,1,Male
454.wav,1,Female
455.wav,1,Male
456.wav,1,Male
458.wav,1,Male
46.wav,1,Male
460.wav,1,Male
461.wav,1,Male
463.wav,1,Male
465.wav,1,Male
467.wav,1,Male
468.wav,1,Male
470.wav,1,Male
471.wav,1,Male
472.wav,1,Male
473.wav,1,Male
474.wav,1,Male
478.wav,1,Male
479.wav,1,Male
482.wav,1,Male
486.wav,1,Male
487.wav,1,Male
49.wav,1,Male
490.wav,1,Male
491.wav,1,Male
492.wav,1,Male
494.wav,1,Male
495.wav,1,Male
498.wav,1,Male
499.wav,1,Male
5.wav,1,Male
500.wav,1,Male
501.wav,1,Male
502.wav,1,Male
503.wav,1,Male
506.wav,1,Male
507.wav,1,Male
508.wav,1,Male
509.wav,1,Male
510.wav,1,Male
512.wav,1,Male
513.wav,1,Male
514.wav,1,Male
515.wav,1,Male
516.wav,1,Male
517.wav,1,Male
518.wav,1,Male
519.wav,1,Male
52.wav,1,Male
521.wav,1,Male
524.wav,1,Male
526.wav,1,Female
527.wav,1,Male
529.wav,1,Female
530.wav,1,Male
533.wav,1,Male
534.wav,1,Male
535.wav,1,Male
536.wav,1,Male
539.wav,1,Male
544.wav,1,Male
545.wav,1,Male
546.wav,1,Male
547.wav,1,Male
548.wav,1,Male
549.wav,1,Male
550.wav,1,Male
551.wav,1,Male
552.wav,1,Female
553.wav,1,Male
554.wav,1,Male
555.wav,1,Male
559.wav,1,Male
561.wav,1,Female
564.wav,1,Male
565.wav,1,Male
566.wav,1,Male
567.wav,1,Male
570.wav,1,Female
571.wav,1,Male
573.wav,1,Male
575.wav,1,Male
576.wav,1,Male
577.wav,1,Male
578.wav,1,Male
579.wav,1,Male
58.wav,1,Male
580.wav,1,Male
581.wav,1,Male
582.wav,1,Male
585.wav,1,Male
586.wav,1,Male
587.wav,1,Male
588.wav,1,Female
589.wav,1,Male
59.wav,1,Male
591.wav,1,Male
593.wav,1,Male
594.wav,1,Male
596.wav,1,Male
597.wav,1,Male
598.wav,1,Female
601.wav,1,Male
602.wav,1,Male
603.wav,1,Male
604.wav,1,Male
605.wav,1,Male
607.wav,1,Male
608.wav,1,Male
609.wav,1,Male
61.wav,1,Male
610.wav,1,Male
611.wav,1,Male
612.wav,2,Female
615.wav,1,Male
616.wav,1,Male
618.wav,1,Male
619.wav,1,Male
621.wav,1,Male
622.wav,1,Male
625.wav,1,Male
626.wav,1,Male
627.wav,1,Male
628.wav,1,Male
629.wav,1,Female
63.wav,1,Male
632.wav,1,Male
636.wav,1,Male
637.wav,1,Male
638.wav,1,Male
639.wav,1,Male
640.wav,1,Male
642.wav,1,Male
646.wav,1,Male
647.wav,1,Male
65.wav,1,Male
650.wav,1,Male
652.wav,1,Male
653.wav,1,Male
654.wav,1,Male
655.wav,1,Male
656.wav,1,Male
658.wav,2,Male
659.wav,1,Male
66.wav,1,Male
660.wav,1,Male
662.wav,1,Male
663.wav,1,Male
666.wav,1,Female
667.wav,1,Male
668.wav,1,Male
669.wav,1,Female
67.wav,1,Male
671.wav,1,Male
672.wav,1,Male
674.wav,1,Male
676.wav,1,Male
677.wav,1,Male
678.wav,1,Male
679.wav,1,Female
681.wav,1,Male
682.wav,1,Male
683.wav,2,Male
684.wav,1,Male
688.wav,1,Male
689.wav,1,Male
693.wav,1,Female
695.wav,1,Male
696.wav,1,Male
697.wav,1,Male
699.wav,1,Male
70.wav,1,Male
700.wav,1,Male
701.wav,1,Male
703.wav,1,Male
704.wav,1,Male
707.wav,1,Male
708.wav,1,Male
709.wav,1,Male
71.wav,1,Male
712.wav,1,Male
714.wav,1,Male
716.wav,1,Male
717.wav,1,Male
720.wav,1,Male
721.wav,1,Male
723.wav,1,Female
726.wav,1,Female
728.wav,1,Male
729.wav,1,Male
73.wav,1,Male
730.wav,1,Male
733.wav,1,Male
735.wav,1,Male
736.wav,2,Male
737.wav,2,Female
738.wav,1,Male
739.wav,1,Male
74.wav,1,Female
740.wav,1,Female
741.wav,1,Male
742.wav,1,Male
743.wav,1,Female
744.wav,1,Male
745.wav,1,Male
748.wav,1,Male
749.wav,1,Male
75.wav,1,Female
750.wav,1,Male
752.wav,1,Male
753.wav,1,Male
755.wav,1,Male
756.wav,1,Female
757.wav,1,Male
758.wav,1,Male
76.wav,1,Male
760.wav,1,Male
761.wav,1,Male
762.wav,1,Male
763.wav,1,Male
764.wav,1,Male
765.wav,1,Male
766.wav,1,Male
767.wav,1,Male
77.wav,1,Male
772.wav,1,Male
773.wav,1,Female
775.wav,1,Male
777.wav,1,Male
778.wav,1,Male
779.wav,1,Male
78.wav,1,Male
780.wav,1,Male
781.wav,1,Male
783.wav,1,Male
784.wav,1,Male
786.wav,1,Male
788.wav,1,Male
789.wav,1,Male
79.wav,1,Female
790.wav,1,Male
792.wav,1,Male
793.wav,1,Male
794.wav,1,Male
795.wav,1,Male
797.wav,1,Male
798.wav,1,Male
799.wav,1,Male
80.wav,1,Male
801.wav,1,Male
806.wav,1,Female
807.wav,1,Male
808.wav,1,Male
809.wav,1,Male
81.wav,1,Male
810.wav,1,Male
811.wav,1,Male
813.wav,1,Male
814.wav,1,Male
815.wav,1,Male
816.wav,1,Male
82.wav,1,Male
820.wav,1,Male
821.wav,1,Male
822.wav,1,Male
824.wav,1,Male
825.wav,1,Male
826.wav,1,Male
827.wav,1,Male
829.wav,1,Male
83.wav,1,Male
830.wav,1,Female
831.wav,1,Male
832.wav,1,Male
833.wav,1,Male
835.wav,1,Male
837.wav,2,Female
84.wav,1,Male
843.wav,1,Male
844.wav,1,Male
845.wav,1,Male
846.wav,1,Male
847.wav,1,Male
848.wav,1,Male
849.wav,1,Male
85.wav,1,Male
852.wav,1,Male
854.wav,1,Female
856.wav,1,Female
857.wav,1,Male
858.wav,1,Male
859.wav,1,Male
860.wav,1,Male
861.wav,1,Male
864.wav,2,Male
866.wav,2,Female
867.wav,1,Male
868.wav,1,Male
869.wav,1,Male
871.wav,1,Male
872.wav,1,Male
874.wav,1,Male
875.wav,1,Male
876.wav,1,Male
877.wav,1,Male
878.wav,1,Male
879.wav,1,Male
880.wav,1,Male
881.wav,1,Male
882.wav,1,Male
883.wav,1,Male
884.wav,1,Male
886.wav,1,Male
888.wav,2,Female
89.wav,1,Male
891.wav,1,Male
894.wav,1,Male
895.wav,1,Female
897.wav,1,Male
898.wav,1,Male
900.wav,1,Male
901.wav,1,Male
902.wav,1,Male
903.wav,1,Male
904.wav,1,Male
906.wav,1,Male
908.wav,1,Male
91.wav,1,Male
910.wav,1,Male
911.wav,1,Male
914.wav,1,Male
915.wav,1,Male
916.wav,1,Male
917.wav,1,Male
919.wav,1,Male
92.wav,1,Male
920.wav,1,Male
921.wav,1,Male
922.wav,1,Male
924.wav,1,Male
925.wav,1,Male
926.wav,1,Male
927.wav,1,Male
929.wav,1,Male
932.wav,1,Male
935.wav,2,Female
936.wav,1,Male
937.wav,1,Female
938.wav,1,Male
939.wav,1,Male
94.wav,2,Female
940.wav,1,Female
942.wav,1,Male
944.wav,1,Male
945.wav,1,Male
946.wav,1,Male
947.wav,1,Male
948.wav,1,Male
949.wav,1,Male
95.wav,1,Male
951.wav,1,Male
952.wav,1,Female
953.wav,1,Male
956.wav,1,Male
957.wav,1,Male
96.wav,1,Male
960.wav,1,Male
961.wav,1,Male
964.wav,1,Male
966.wav,1,Male
967.wav,1,Male
968.wav,1,Male
969.wav,1,Male
970.wav,1,Male
974.wav,1,Male
975.wav,1,Male
977.wav,1,Male
979.wav,1,Male
98.wav,1,Male
980.wav,1,Male
981.wav,1,Female
983.wav,1,Male
985.wav,2,Female
986.wav,1,Female
987.wav,1,Male
988.wav,1,Male
989.wav,1,Male
99.wav,1,Male
992.wav,1,Male
994.wav,1,Male
997.wav,1,Male
999.wav,1,Male
